{"cameraMode":{"drawMode":0,"name":"Shaded","section":"Shading Mode"},"sceneLighting":false,"audioPlay":false,"sceneViewState":{"m_AlwaysRefresh":false,"showFog":true,"showSkybox":false,"showFlares":true,"showImageEffects":true,"showParticleSystems":true,"showVisualEffectGraphs":true,"m_FxEnabled":true},"in2DMode":false,"pivot":{"x":1.098069190979004,"y":1.2862343788146973,"z":0.19831085205078126},"rotation":{"x":0.03408316522836685,"y":-0.9025571346282959,"z":0.07272107899188996,"w":0.4230288565158844},"size":11.018437385559082,"orthographic":false}