{"cameraMode":{"drawMode":0,"name":"Shaded","section":"Shading Mode"},"sceneLighting":false,"audioPlay":false,"sceneViewState":{"m_AlwaysRefresh":false,"showFog":true,"showSkybox":false,"showFlares":true,"showImageEffects":true,"showParticleSystems":true,"showVisualEffectGraphs":true,"m_FxEnabled":true},"in2DMode":false,"pivot":{"x":0.32120513916015627,"y":1.9418305158615113,"z":0.3938455581665039},"rotation":{"x":-0.001896872534416616,"y":-0.4309087097644806,"z":-0.0009055329719558358,"w":0.9023948907852173},"size":3.317333459854126,"orthographic":false}