{"cameraMode":{"drawMode":0,"name":"Shaded","section":"Shading Mode"},"sceneLighting":false,"audioPlay":false,"sceneViewState":{"m_AlwaysRefresh":false,"showFog":true,"showSkybox":false,"showFlares":true,"showImageEffects":true,"showParticleSystems":true,"showVisualEffectGraphs":true,"m_FxEnabled":true},"in2DMode":false,"pivot":{"x":-0.45016437768936159,"y":-0.047379568219184878,"z":-0.47014665603637698},"rotation":{"x":-0.03578212484717369,"y":-0.9449150562286377,"z":0.11048579216003418,"w":-0.3060239255428314},"size":1.1024175882339478,"orthographic":false}